Employee_ID,Age,Experience_Years,Department,Education,Gender,Performance_Rating,Training_Score,Attendance_Percentage,Projects_Completed,Salary,Promotion
1,59.0,1,Finance,PhD,Male,4.0,40.0,96.77,2,26966,No
2,49.0,16,HR,Masters,Female,4.0,49.0,76.95,12,71889,No
3,35.0,10,Finance,Masters,Male,3.0,82.0,73.69,13,54863,No
4,28.0,11,Marketing,PhD,Female,4.0,55.0,98.46,9,62154,No
5,41.0,18,Marketing,PhD,Male,1.0,85.0,77.79,2,74400,No
6,,6,Marketing,Masters,Male,3.0,47.0,79.56,5,47226,No
7,39.0,19,IT,PhD,Female,,95.0,74.07,13,80542,No
8,43.0,5,HR,Masters,Female,4.0,88.0,96.38,8,41523,Yes
9,31.0,0,IT,Masters,Female,3.0,,82.76,3,22763,No
10,31.0,16,Finance,PhD,Female,1.0,89.0,90.49,6,68291,No
11,44.0,10,IT,Bachelors,Female,5.0,51.0,92.47,4,57488,No
12,56.0,17,Finance,PhD,Male,5.0,64.0,73.67,11,77558,Yes
13,44.0,16,Finance,Bachelors,Male,1.0,56.0,77.35,7,69690,No
14,,6,Sales,Masters,Female,1.0,99.0,93.94,10,41121,No
15,42.0,16,Marketing,Masters,Male,5.0,65.0,74.53,14,75276,Yes
16,,19,Finance,Bachelors,Male,3.0,85.0,91.76,13,82439,No
17,44.0,8,Sales,,Male,5.0,87.0,97.64,3,50103,Yes
18,50.0,16,Marketing,Bachelors,Female,1.0,,84.93,6,72520,No
19,58.0,19,Finance,Bachelors,Male,4.0,80.0,89.67,12,89611,Yes
20,22.0,7,Finance,,Male,2.0,75.0,92.2,10,45409,No
21,41.0,16,IT,Bachelors,Male,4.0,96.0,93.8,9,80670,Yes
22,53.0,6,IT,PhD,Female,4.0,62.0,75.8,11,48869,Yes
23,32.0,0,Marketing,PhD,Male,,82.0,62.05,10,19956,No
24,42.0,12,Finance,Masters,Male,5.0,45.0,76.08,1,68710,No
25,45.0,18,HR,Masters,Female,3.0,86.0,86.95,3,81017,No
26,47.0,18,IT,Bachelors,Female,4.0,44.0,78.01,2,86574,No
27,48.0,16,Marketing,Bachelors,Male,5.0,82.0,89.96,8,76384,Yes
28,36.0,12,Finance,Bachelors,Male,3.0,64.0,74.28,7,66761,No
29,35.0,15,Finance,Bachelors,Female,4.0,57.0,85.39,2,68028,No
30,23.0,7,HR,PhD,Female,3.0,52.0,67.46,6,50897,No
31,57.0,18,Marketing,PhD,Female,5.0,,89.97,3,88212,Yes
32,27.0,17,Finance,Masters,Female,2.0,53.0,81.83,8,79638,No
33,41.0,0,IT,,Female,,67.0,68.16,10,32756,No
34,,13,HR,Bachelors,Female,1.0,57.0,71.68,13,62948,No
35,59.0,18,Marketing,Masters,Female,3.0,98.0,89.94,3,80755,No
36,38.0,14,HR,,Male,2.0,99.0,79.3,10,64602,No
37,24.0,17,IT,Bachelors,Female,3.0,96.0,68.64,14,77062,No
38,45.0,1,Marketing,Bachelors,Female,3.0,67.0,98.69,9,32071,No
39,34.0,16,HR,Bachelors,Male,4.0,,88.61,1,78244,Yes
40,29.0,17,Sales,Bachelors,Female,,95.0,98.29,5,74372,No
41,46.0,5,IT,Masters,Female,3.0,,77.08,3,43105,No
42,22.0,18,IT,Bachelors,Male,5.0,71.0,79.0,6,82581,Yes
43,40.0,3,IT,Masters,Female,5.0,86.0,95.92,10,36762,No
44,48.0,0,Sales,Bachelors,Male,4.0,48.0,81.0,2,23572,No
45,27.0,7,Sales,PhD,Male,1.0,79.0,88.29,9,45705,No
46,,6,Finance,,Male,1.0,71.0,70.09,6,35614,No
47,55.0,2,HR,PhD,Male,5.0,59.0,77.87,7,35050,No
48,34.0,9,Finance,PhD,Female,2.0,67.0,64.94,5,46325,No
49,37.0,9,HR,Masters,Male,,,68.24,9,53740,Yes
50,,18,Sales,,Male,4.0,43.0,60.04,1,77358,No
51,24.0,13,Sales,Bachelors,Female,5.0,85.0,61.57,5,67777,Yes
52,22.0,1,Finance,PhD,Male,5.0,96.0,99.09,11,33906,No
53,26.0,0,Marketing,Masters,Male,2.0,73.0,69.69,10,20721,No
54,24.0,17,Finance,Bachelors,Male,,87.0,86.53,11,71349,No
55,49.0,6,HR,Bachelors,Male,1.0,42.0,93.56,6,38696,No
56,38.0,7,Finance,Masters,Female,4.0,65.0,82.03,7,47896,Yes
57,46.0,0,IT,PhD,Male,4.0,47.0,66.13,12,27260,No
58,,2,HR,Bachelors,Female,5.0,45.0,89.12,4,40788,No
59,30.0,7,HR,PhD,Female,1.0,,84.01,12,47819,No
60,56.0,14,Marketing,PhD,Male,4.0,63.0,89.25,13,71941,Yes
61,34.0,4,Sales,PhD,Male,1.0,87.0,90.79,1,32808,No
62,51.0,2,HR,Bachelors,Male,1.0,78.0,99.02,11,28246,No
63,35.0,18,Sales,PhD,Male,5.0,69.0,82.94,8,87384,Yes
64,28.0,0,Finance,Bachelors,Female,1.0,84.0,73.67,10,20845,No
65,,14,IT,PhD,Female,2.0,52.0,85.94,4,63577,No
66,43.0,7,Marketing,Bachelors,Female,2.0,44.0,62.74,3,40091,No
67,41.0,1,Sales,PhD,Male,3.0,64.0,95.9,12,28234,No
68,36.0,2,HR,Masters,Female,5.0,59.0,64.78,7,39672,No
69,38.0,13,Sales,PhD,Male,3.0,93.0,73.11,12,66592,No
70,44.0,13,HR,,Male,,57.0,92.63,2,66128,No
71,46.0,10,Sales,Bachelors,Male,3.0,86.0,83.89,8,52075,No
72,45.0,15,HR,Bachelors,Male,5.0,57.0,75.75,14,72513,No
73,,3,Finance,PhD,Male,5.0,41.0,78.94,6,42168,No
74,35.0,19,HR,Masters,Female,1.0,49.0,94.18,7,80861,No
75,21.0,4,HR,Masters,Female,4.0,,73.6,14,43990,Yes
76,45.0,13,IT,Bachelors,Male,1.0,,94.79,5,56604,No
77,27.0,15,HR,Masters,Female,5.0,89.0,63.53,9,72979,Yes
78,29.0,17,IT,PhD,Male,2.0,86.0,91.07,5,77140,No
79,44.0,6,Marketing,,Male,2.0,51.0,93.9,11,44065,No
80,21.0,9,IT,PhD,Male,1.0,86.0,67.27,5,48916,No
81,28.0,6,Finance,Bachelors,Female,5.0,52.0,77.21,3,49800,No
82,44.0,0,IT,Bachelors,Male,2.0,89.0,66.62,11,19597,No
83,31.0,18,Marketing,Bachelors,Male,5.0,86.0,88.26,1,88724,Yes
84,37.0,15,Finance,Bachelors,Female,2.0,96.0,81.41,2,71320,No
85,28.0,18,Sales,Masters,Female,,,85.41,8,87705,Yes
86,55.0,3,Sales,PhD,Female,3.0,50.0,67.86,1,35622,No
87,55.0,17,IT,PhD,Male,5.0,58.0,68.47,7,77877,No
88,53.0,1,IT,PhD,Male,,74.0,61.66,14,29699,No
89,25.0,0,Marketing,Bachelors,Female,,78.0,72.88,14,26221,No
90,59.0,14,Marketing,Masters,Male,3.0,92.0,82.39,5,68780,No
91,48.0,4,HR,,Female,4.0,65.0,94.32,3,35716,Yes
92,27.0,19,Marketing,Masters,Female,1.0,,86.68,12,78086,No
93,29.0,10,HR,Bachelors,Male,4.0,53.0,77.42,12,53665,No
94,,9,Finance,PhD,Male,2.0,,98.12,11,53846,No
95,32.0,1,IT,Masters,Female,,84.0,88.77,7,32611,No
96,54.0,2,Finance,Bachelors,Female,5.0,83.0,97.21,9,32079,No
97,53.0,11,Marketing,Masters,Female,,63.0,81.1,2,64419,Yes
98,,19,Finance,PhD,Female,1.0,,70.36,8,82340,No
99,,4,Finance,PhD,Male,,40.0,62.11,9,30069,No
100,57.0,4,Finance,Bachelors,Female,4.0,,89.04,11,40263,Yes
101,55.0,5,Marketing,Bachelors,Female,1.0,82.0,64.85,3,39951,No
102,42.0,8,Finance,Bachelors,Female,1.0,94.0,72.11,2,42363,No
103,47.0,1,HR,,Male,4.0,61.0,81.3,7,30508,No
104,55.0,11,Marketing,,Male,3.0,62.0,82.58,5,55755,No
105,21.0,2,Finance,Masters,Female,3.0,95.0,84.02,5,27519,No
106,55.0,19,Marketing,,Male,2.0,93.0,66.65,10,81463,No
107,57.0,11,Sales,PhD,Male,1.0,58.0,75.19,5,57233,No
108,34.0,16,HR,PhD,Male,4.0,57.0,84.69,4,72102,No
109,23.0,9,Finance,Masters,Female,1.0,51.0,98.79,13,44597,No
110,21.0,13,Sales,,Female,5.0,94.0,89.11,5,67273,Yes
111,25.0,16,Sales,PhD,Male,1.0,67.0,96.9,13,70781,No
112,46.0,17,Marketing,PhD,Female,1.0,67.0,90.49,4,74256,No
113,34.0,18,Sales,Masters,Female,3.0,99.0,83.67,13,82258,No
114,59.0,16,HR,Masters,Male,4.0,98.0,67.68,6,79780,Yes
115,47.0,13,HR,PhD,Male,1.0,72.0,86.67,4,62554,No
116,29.0,8,IT,Bachelors,Female,3.0,58.0,84.94,2,54599,No
117,35.0,7,HR,,Male,2.0,,84.1,9,48002,No
118,35.0,1,Sales,PhD,Female,3.0,98.0,79.59,2,28846,No
119,46.0,12,HR,PhD,Female,3.0,91.0,81.15,9,66821,No
120,33.0,6,Marketing,PhD,Male,3.0,88.0,73.38,10,48186,No
121,52.0,8,IT,PhD,Female,1.0,76.0,80.77,6,45798,No
122,59.0,10,Sales,Bachelors,Female,1.0,,67.9,9,53605,No
123,52.0,13,IT,PhD,Male,2.0,,92.21,9,60986,No
124,24.0,3,Sales,,Male,5.0,73.0,67.43,3,34400,No
125,50.0,12,Marketing,Bachelors,Male,,74.0,63.4,1,63855,Yes
126,57.0,1,IT,,Female,5.0,79.0,77.45,1,31412,No
127,43.0,4,Finance,,Male,2.0,55.0,86.33,3,31056,No
128,,10,Sales,Masters,Male,5.0,77.0,77.51,5,63022,Yes
129,35.0,5,Finance,PhD,Male,,,71.07,13,41875,No
130,49.0,17,IT,Masters,Male,3.0,62.0,82.33,3,76543,No
131,56.0,9,Finance,PhD,Female,,99.0,73.88,12,48298,No
132,33.0,3,Finance,PhD,Female,1.0,93.0,97.31,9,29768,No
133,,8,IT,PhD,Male,3.0,61.0,96.91,9,50752,No
134,27.0,5,Marketing,PhD,Female,3.0,55.0,80.09,3,40833,No
135,42.0,1,Finance,PhD,Male,3.0,67.0,73.12,3,25353,No
136,48.0,16,Finance,Bachelors,Male,,87.0,89.49,12,69987,No
137,22.0,4,Marketing,PhD,Female,5.0,74.0,61.47,14,43597,Yes
138,26.0,5,Finance,PhD,Female,,99.0,78.99,5,40311,No
139,48.0,11,Finance,Bachelors,Male,,84.0,73.45,2,54934,No
140,48.0,9,Finance,Bachelors,Male,3.0,85.0,96.82,6,48022,No
141,40.0,5,HR,Bachelors,Female,4.0,47.0,60.48,7,39209,No
142,50.0,7,Marketing,Bachelors,Male,3.0,,82.11,13,50940,No
143,31.0,1,Finance,Bachelors,Female,,94.0,89.63,9,20804,No
144,48.0,11,Marketing,Bachelors,Male,3.0,94.0,79.4,6,62325,No
145,45.0,12,Sales,PhD,Male,4.0,61.0,63.42,3,63416,Yes
146,59.0,6,Sales,PhD,Female,2.0,60.0,98.9,12,45625,No
147,53.0,9,Finance,Masters,Female,5.0,65.0,80.72,5,57141,Yes
148,,12,Marketing,PhD,Female,3.0,,84.57,4,61968,No
149,,16,Marketing,PhD,Female,4.0,60.0,69.46,5,74671,No
150,33.0,13,Marketing,Bachelors,Female,4.0,64.0,79.34,8,69292,Yes
151,23.0,1,HR,Bachelors,Female,2.0,80.0,77.17,8,29001,No
152,59.0,10,Sales,,Female,1.0,40.0,63.0,6,49098,No
153,26.0,0,Marketing,Masters,Male,3.0,,64.25,1,29444,No
154,28.0,18,Marketing,Bachelors,Male,4.0,62.0,93.5,8,82061,Yes
155,47.0,3,HR,PhD,Male,2.0,90.0,69.59,8,37321,No
156,,18,HR,PhD,Female,5.0,62.0,67.8,2,82264,Yes
157,57.0,10,Marketing,Masters,Female,4.0,82.0,80.2,4,58435,Yes
158,,7,IT,Masters,Female,2.0,82.0,90.75,12,48493,No
159,44.0,10,Marketing,Bachelors,Male,1.0,62.0,62.48,2,53691,No
160,35.0,3,Marketing,Masters,Female,1.0,71.0,83.07,4,28763,No
161,52.0,16,HR,PhD,Female,4.0,69.0,64.77,12,75005,Yes
162,52.0,6,HR,PhD,Male,4.0,52.0,61.46,13,44241,No
163,44.0,7,Marketing,Masters,Female,3.0,,62.11,13,45057,No
164,32.0,2,Marketing,Masters,Male,2.0,57.0,93.37,10,25550,No
165,59.0,1,Marketing,Masters,Male,4.0,62.0,64.72,7,31574,No
166,22.0,14,HR,Masters,Female,3.0,54.0,61.81,9,68411,No
167,23.0,4,Marketing,Bachelors,Female,3.0,72.0,77.52,14,34587,No
168,,0,Marketing,Masters,Female,4.0,60.0,93.76,14,28920,No
169,37.0,3,Finance,Bachelors,Male,,96.0,70.5,8,31260,No
170,22.0,14,IT,PhD,Male,,78.0,76.87,12,65409,No
171,22.0,19,Sales,Masters,Male,2.0,62.0,61.6,9,81783,No
172,48.0,18,IT,Bachelors,Female,1.0,66.0,77.96,8,71712,No
173,43.0,2,Finance,Masters,Female,4.0,84.0,83.1,2,34406,No
174,57.0,19,Sales,PhD,Female,2.0,83.0,82.84,7,83990,No
175,52.0,10,Marketing,PhD,Female,4.0,57.0,73.3,2,60420,No
176,53.0,16,Finance,PhD,Male,4.0,63.0,72.62,13,77843,Yes
177,,12,Marketing,Masters,Male,3.0,,64.26,12,59433,No
178,39.0,10,HR,Masters,Male,1.0,86.0,74.67,11,50301,No
179,22.0,1,Finance,Bachelors,Male,4.0,79.0,63.98,2,26270,No
180,46.0,8,HR,PhD,Female,5.0,90.0,90.66,4,58986,Yes
181,52.0,1,Finance,Masters,Female,1.0,,98.65,1,21079,No
182,,8,Finance,PhD,Female,2.0,46.0,98.8,5,48322,No
183,52.0,8,HR,,Male,3.0,89.0,94.6,6,53795,No
184,24.0,7,Sales,Bachelors,Male,2.0,,84.03,9,45257,No
185,31.0,16,IT,Bachelors,Female,2.0,59.0,88.03,10,74982,No
186,37.0,0,Marketing,Bachelors,Female,1.0,66.0,71.41,8,26777,No
187,58.0,10,Finance,Bachelors,Male,,45.0,85.23,2,55214,No
188,44.0,7,Marketing,PhD,Female,4.0,66.0,78.23,1,49006,Yes
189,25.0,9,HR,Bachelors,Male,2.0,48.0,79.28,2,49985,No
190,,6,Marketing,Bachelors,Male,,92.0,90.31,7,48587,No
191,26.0,2,HR,Bachelors,Male,3.0,84.0,71.28,4,35791,No
192,42.0,2,Marketing,Bachelors,Female,5.0,96.0,72.72,10,39705,No
193,31.0,17,IT,PhD,Female,3.0,70.0,96.99,5,77991,No
194,36.0,4,IT,,Male,2.0,,62.25,12,37227,No
195,53.0,11,IT,PhD,Female,3.0,65.0,79.43,7,63258,No
196,29.0,11,IT,Masters,Male,1.0,79.0,96.51,3,57833,No
197,26.0,18,IT,PhD,Male,3.0,87.0,84.41,10,77886,No
198,36.0,5,IT,PhD,Male,,84.0,81.86,2,40653,Yes
199,49.0,1,HR,,Male,1.0,52.0,69.99,13,29280,No
200,23.0,11,Finance,Masters,Female,,88.0,73.73,7,62864,Yes
201,40.0,18,Marketing,,Male,4.0,62.0,94.08,5,79514,Yes
202,56.0,4,IT,Masters,Male,2.0,59.0,82.37,14,34969,No
203,39.0,11,HR,Masters,Female,2.0,76.0,80.59,1,55284,No
204,46.0,16,HR,PhD,Male,2.0,93.0,63.98,1,74740,No
205,23.0,16,HR,Masters,Male,4.0,92.0,60.64,9,75566,Yes
206,39.0,9,Finance,PhD,Female,4.0,67.0,98.55,5,52196,Yes
207,40.0,16,Marketing,PhD,Female,4.0,56.0,75.08,1,71789,No
208,52.0,14,Finance,PhD,Female,1.0,67.0,84.13,7,62475,No
209,27.0,11,Sales,Masters,Male,1.0,80.0,63.19,9,59856,No
210,53.0,15,HR,Bachelors,Female,2.0,41.0,87.32,11,65309,No
211,59.0,18,Sales,Bachelors,Female,3.0,64.0,97.3,1,75864,No
212,38.0,7,IT,Masters,Male,2.0,97.0,83.03,10,45389,No
213,21.0,16,IT,Bachelors,Male,5.0,89.0,65.04,14,76363,Yes
214,31.0,4,Finance,Bachelors,Male,1.0,80.0,83.27,13,37215,No
215,48.0,15,Marketing,PhD,Male,4.0,45.0,90.65,4,71003,No
216,45.0,5,Sales,PhD,Male,,50.0,76.26,14,40502,No
217,43.0,7,Marketing,Masters,Female,4.0,96.0,95.19,3,45231,Yes
218,51.0,17,Finance,Masters,Female,5.0,77.0,85.95,5,83959,Yes
219,50.0,11,IT,Bachelors,Female,5.0,45.0,95.97,7,60711,No
220,55.0,14,Marketing,PhD,Male,1.0,,84.94,8,65581,No
221,27.0,8,Marketing,Masters,Male,4.0,50.0,65.25,13,54705,No
222,36.0,12,IT,Masters,Male,5.0,53.0,72.39,2,61421,No
223,46.0,14,Sales,Masters,Female,,41.0,68.07,7,70965,No
224,,9,IT,Masters,Female,2.0,79.0,96.35,14,46946,No
225,21.0,15,Marketing,Masters,Male,,,90.42,14,77378,No
226,32.0,6,Sales,Masters,Female,,94.0,87.06,1,36834,No
227,25.0,16,Sales,Bachelors,Male,5.0,92.0,72.04,7,74564,Yes
228,57.0,6,IT,PhD,Female,1.0,74.0,67.36,8,42332,No
229,52.0,13,Marketing,PhD,Female,2.0,72.0,90.26,2,62944,No
230,29.0,14,Finance,,Female,5.0,63.0,78.97,9,68308,Yes
231,55.0,6,Marketing,PhD,Male,1.0,58.0,69.03,1,37986,No
232,39.0,8,HR,PhD,Female,3.0,57.0,84.66,13,45386,No
233,36.0,18,Finance,PhD,Female,4.0,88.0,61.61,6,83131,Yes
234,23.0,15,Sales,Masters,Male,4.0,91.0,73.05,1,77353,Yes
235,40.0,7,Finance,Masters,Female,3.0,63.0,78.74,3,45258,No
236,44.0,17,Sales,PhD,Male,,84.0,65.92,11,76121,No
237,53.0,17,Sales,,Male,5.0,,99.39,6,80811,Yes
238,44.0,19,Finance,Masters,Male,4.0,40.0,68.36,3,86574,No
239,31.0,6,Sales,Bachelors,Male,3.0,75.0,65.21,8,45697,No
240,28.0,2,Sales,PhD,Male,3.0,64.0,68.14,5,30933,No
241,56.0,17,HR,,Female,2.0,84.0,90.76,2,71439,No
242,58.0,9,Marketing,PhD,Male,2.0,88.0,77.02,4,52169,No
243,40.0,6,Marketing,Bachelors,Male,1.0,99.0,82.62,9,39480,No
244,55.0,16,HR,Bachelors,Male,4.0,82.0,60.84,4,71055,Yes
245,45.0,13,Finance,Bachelors,Male,1.0,73.0,61.38,10,59324,No
246,55.0,2,IT,Masters,Female,3.0,64.0,77.83,10,33777,No
247,,11,IT,Bachelors,Male,,55.0,92.67,8,58105,No
248,49.0,12,IT,Bachelors,Female,,73.0,95.41,5,64201,Yes
249,38.0,1,HR,Bachelors,Male,2.0,,63.47,11,22669,No
250,38.0,2,HR,PhD,Female,5.0,58.0,81.53,11,39934,No
251,,4,Sales,Bachelors,Male,5.0,62.0,96.53,10,37966,Yes
252,,10,IT,PhD,Male,5.0,58.0,75.52,13,55307,No
253,36.0,7,Finance,Bachelors,Female,3.0,64.0,93.18,13,44138,No
254,56.0,11,Finance,Bachelors,Male,5.0,55.0,65.35,14,58109,No
255,53.0,6,IT,Masters,Female,5.0,93.0,97.42,1,46632,Yes
256,24.0,14,IT,PhD,Male,5.0,90.0,90.06,7,73728,Yes
257,53.0,16,IT,Bachelors,Female,1.0,48.0,97.65,3,70684,No
258,34.0,3,HR,PhD,Male,,40.0,87.06,10,36499,No
259,41.0,12,HR,PhD,Male,2.0,81.0,74.54,8,56915,No
260,40.0,17,HR,Masters,Female,1.0,58.0,97.53,14,68556,No
261,28.0,0,Marketing,Masters,Male,4.0,72.0,71.02,12,30619,No
262,27.0,15,Finance,Masters,Male,3.0,73.0,73.29,3,66104,No
263,23.0,12,Finance,Masters,Male,3.0,55.0,88.03,1,59047,No
264,37.0,9,Sales,Masters,Male,4.0,83.0,90.61,5,50145,Yes
265,53.0,11,HR,Masters,Male,4.0,79.0,97.18,2,56873,Yes
266,32.0,1,Marketing,Masters,Male,4.0,94.0,68.19,11,26298,No
267,42.0,2,Marketing,Masters,Female,2.0,57.0,91.92,4,28238,No
268,42.0,9,Finance,Bachelors,Female,5.0,73.0,89.54,1,60837,Yes
269,50.0,1,HR,PhD,Female,3.0,64.0,62.55,9,30382,No
270,58.0,12,Sales,Masters,Male,,84.0,75.49,6,63511,Yes
271,58.0,12,HR,Masters,Female,5.0,45.0,71.31,8,67596,No
272,28.0,17,IT,PhD,Male,4.0,60.0,72.18,11,74783,No
273,47.0,2,HR,Bachelors,Male,2.0,97.0,99.32,4,29992,No
274,47.0,6,IT,PhD,Male,1.0,45.0,85.71,9,35370,No
275,54.0,13,IT,PhD,Male,2.0,71.0,88.71,2,58486,No
276,41.0,19,Sales,Masters,Female,5.0,80.0,99.06,9,89378,Yes
277,50.0,16,Finance,PhD,Male,2.0,87.0,75.09,12,70196,No
278,53.0,11,HR,PhD,Female,4.0,,92.07,5,65552,Yes
279,48.0,15,IT,Masters,Male,1.0,78.0,77.38,13,66287,No
280,,11,HR,Masters,Female,4.0,70.0,94.78,6,58261,Yes
281,25.0,14,Finance,Masters,Female,1.0,81.0,67.23,3,68148,No
282,39.0,9,Finance,Masters,Female,5.0,49.0,97.91,4,60572,No
283,,6,Marketing,PhD,Female,,,68.75,6,35238,No
284,55.0,19,Finance,PhD,Female,1.0,96.0,73.05,7,80843,No
285,37.0,4,Sales,Bachelors,Female,1.0,91.0,90.25,1,30105,No
286,48.0,0,IT,,Male,2.0,,75.75,7,20386,No
287,50.0,16,Marketing,PhD,Female,2.0,99.0,84.33,1,76719,No
288,49.0,2,Sales,,Male,5.0,63.0,77.78,5,32667,No
289,26.0,12,HR,PhD,Female,1.0,91.0,89.69,6,55691,No
290,55.0,13,IT,,Male,3.0,48.0,69.13,13,67756,No
291,57.0,17,Finance,,Female,5.0,70.0,62.34,2,77996,Yes
292,44.0,3,IT,Bachelors,Female,,54.0,72.0,13,27425,No
293,49.0,17,HR,Masters,Male,1.0,43.0,78.97,10,76023,No
294,51.0,4,Marketing,Masters,Female,2.0,79.0,66.72,9,37849,No
295,55.0,15,Marketing,Masters,Female,5.0,48.0,74.19,14,73247,No
296,53.0,0,Marketing,Masters,Female,1.0,84.0,76.0,10,19592,No
297,41.0,13,Finance,Bachelors,Male,1.0,48.0,62.3,6,57490,No
298,52.0,14,Sales,PhD,Female,5.0,65.0,83.33,7,68224,Yes
299,43.0,8,Sales,Masters,Male,,43.0,95.37,14,47587,No
300,53.0,14,IT,Bachelors,Female,5.0,56.0,66.07,10,74714,No
301,23.0,16,Finance,Masters,Female,5.0,55.0,83.91,8,76064,No
302,38.0,3,Marketing,,Male,3.0,54.0,86.59,11,37804,No
303,45.0,11,Marketing,Bachelors,Female,5.0,74.0,76.77,13,58832,Yes
304,51.0,4,HR,Bachelors,Female,1.0,96.0,88.04,10,31440,No
305,23.0,4,HR,,Male,5.0,91.0,76.43,1,41795,Yes
306,44.0,10,Marketing,Bachelors,Female,3.0,44.0,80.19,14,52646,No
307,52.0,5,Marketing,Bachelors,Male,4.0,94.0,60.29,8,38440,Yes
308,42.0,6,Finance,PhD,Male,5.0,44.0,87.67,4,48956,No
309,43.0,13,Sales,PhD,Male,2.0,59.0,86.45,10,67721,No
310,22.0,10,HR,Bachelors,Female,1.0,54.0,61.54,8,49367,No
311,47.0,12,Sales,PhD,Male,,57.0,74.73,13,59696,No
312,22.0,1,Finance,,Male,2.0,,99.16,6,27190,No
313,46.0,6,Marketing,Masters,Female,2.0,41.0,76.83,11,41663,No
314,37.0,19,Sales,PhD,Male,5.0,68.0,80.08,9,89062,Yes
315,53.0,3,Marketing,,Female,2.0,52.0,96.4,11,32331,No
316,29.0,7,Marketing,Bachelors,Female,4.0,43.0,88.69,4,53496,No
317,59.0,19,IT,PhD,Female,,81.0,83.28,2,81034,No
318,49.0,18,Sales,Bachelors,Female,2.0,84.0,91.91,14,82377,No
319,46.0,12,Sales,Masters,Male,,49.0,94.57,2,58262,No
320,55.0,13,Marketing,PhD,Male,4.0,70.0,78.28,5,64107,Yes
321,45.0,9,Finance,Bachelors,Male,1.0,80.0,79.0,10,51036,No
322,44.0,10,IT,Bachelors,Male,1.0,47.0,75.44,9,51320,No
323,,1,Marketing,Masters,Male,,42.0,98.67,12,33938,No
324,27.0,8,HR,PhD,Female,4.0,87.0,87.89,3,49747,Yes
325,56.0,16,HR,Masters,Male,3.0,85.0,63.33,8,73677,No
326,40.0,2,IT,Bachelors,Male,,48.0,94.52,4,34972,No
327,21.0,5,Finance,Bachelors,Male,4.0,69.0,79.22,6,42264,Yes
328,28.0,4,Marketing,PhD,Female,3.0,92.0,62.75,10,36133,No
329,,4,Sales,,Female,1.0,,81.99,6,30465,No
330,34.0,14,IT,PhD,Male,3.0,74.0,76.69,3,67109,No
331,32.0,16,Finance,Masters,Female,3.0,76.0,95.11,14,71211,No
332,43.0,8,Sales,PhD,Male,4.0,81.0,68.16,5,52539,Yes
333,35.0,2,HR,,Male,4.0,52.0,93.06,12,38735,No
334,48.0,19,HR,Bachelors,Female,3.0,75.0,82.31,3,79689,No
335,,16,Sales,,Female,2.0,95.0,62.18,11,76763,No
336,22.0,9,IT,PhD,Male,4.0,52.0,98.87,11,57727,No
337,52.0,2,HR,Bachelors,Male,5.0,,80.5,1,38764,No
338,43.0,17,Marketing,,Female,5.0,76.0,71.64,7,80541,Yes
339,42.0,17,Sales,Bachelors,Male,1.0,49.0,78.78,4,71541,No
340,45.0,16,Sales,PhD,Female,3.0,99.0,94.31,14,69818,No
341,42.0,2,HR,Bachelors,Male,2.0,,72.2,7,29521,No
342,42.0,2,IT,PhD,Female,1.0,48.0,67.71,3,24124,No
343,,5,Marketing,Bachelors,Male,3.0,91.0,65.16,12,41660,No
344,35.0,12,IT,Masters,Male,4.0,46.0,71.91,11,64641,No
345,57.0,14,Finance,Bachelors,Female,5.0,41.0,91.2,5,68129,No
346,53.0,8,Finance,Bachelors,Male,,93.0,78.87,5,44702,No
347,,3,HR,PhD,Male,5.0,95.0,69.1,13,36001,No
348,25.0,13,HR,PhD,Female,4.0,99.0,66.65,2,68912,Yes
349,59.0,4,HR,Bachelors,Male,3.0,62.0,73.31,11,36878,No
350,24.0,1,Finance,Masters,Male,,78.0,97.6,10,33232,No
351,26.0,10,IT,Bachelors,Male,4.0,79.0,73.72,12,62998,Yes
352,,8,IT,Bachelors,Female,5.0,78.0,99.52,2,55331,Yes
353,50.0,2,HR,Masters,Female,2.0,60.0,79.41,4,31035,No
354,55.0,8,Marketing,PhD,Female,4.0,62.0,67.17,4,53523,Yes
355,36.0,2,IT,Bachelors,Male,5.0,68.0,95.65,4,39111,No
356,33.0,1,Finance,PhD,Male,2.0,53.0,78.41,6,30736,No
357,,11,Sales,PhD,Male,3.0,,88.39,2,56401,No
358,,9,Sales,Masters,Male,3.0,90.0,99.35,6,57481,No
359,37.0,8,Sales,Masters,Female,1.0,44.0,62.01,7,49974,No
360,39.0,14,Marketing,PhD,Male,5.0,94.0,63.87,11,67539,Yes
361,48.0,7,HR,,Male,,70.0,88.82,10,45615,No
362,46.0,4,Finance,,Male,4.0,64.0,71.27,3,37956,Yes
363,57.0,10,Marketing,Bachelors,Female,3.0,70.0,67.37,11,59077,No
364,46.0,1,Finance,Bachelors,Male,2.0,89.0,61.57,12,25722,No
365,43.0,14,Finance,Masters,Male,5.0,59.0,60.87,8,72087,No
366,29.0,5,HR,Bachelors,Male,1.0,83.0,90.98,2,38460,No
367,32.0,7,Sales,Bachelors,Male,3.0,94.0,65.38,11,44170,No
368,21.0,4,HR,PhD,Male,2.0,56.0,78.71,8,34391,No
369,21.0,15,Marketing,Masters,Female,2.0,84.0,84.24,13,70942,No
370,54.0,17,Marketing,Bachelors,Male,2.0,41.0,77.13,11,71616,No
371,52.0,5,Marketing,Bachelors,Male,5.0,64.0,61.08,5,49108,Yes
372,45.0,4,HR,Masters,Male,5.0,52.0,91.34,2,43458,No
373,21.0,15,Finance,PhD,Male,5.0,97.0,60.42,7,72756,Yes
374,36.0,12,Finance,,Male,4.0,78.0,90.48,14,65853,Yes
375,59.0,4,IT,Masters,Male,2.0,,95.73,2,38709,No
376,25.0,12,Marketing,Bachelors,Male,3.0,81.0,77.31,14,58936,No
377,42.0,16,Finance,,Male,5.0,94.0,81.42,6,76091,Yes
378,49.0,17,IT,PhD,Male,5.0,45.0,79.08,10,76968,No
379,23.0,7,Finance,Bachelors,Male,2.0,42.0,75.57,3,47297,No
380,32.0,12,Marketing,,Female,5.0,97.0,95.5,9,64203,Yes
381,46.0,18,Sales,Masters,Female,4.0,74.0,95.76,3,83499,Yes
382,36.0,2,Marketing,Bachelors,Female,4.0,,73.43,11,34173,No
383,57.0,7,HR,PhD,Female,5.0,50.0,84.6,12,46889,No
384,42.0,1,Finance,Masters,Male,2.0,93.0,97.08,12,30984,No
385,49.0,7,Finance,PhD,Female,2.0,59.0,98.48,3,49173,No
386,34.0,12,HR,,Female,2.0,44.0,80.36,5,62382,No
387,48.0,12,HR,Bachelors,Male,1.0,58.0,78.11,7,56531,No
388,25.0,0,Sales,Masters,Female,5.0,61.0,71.15,14,25801,No
389,50.0,5,Finance,,Female,2.0,98.0,98.35,8,42234,No
390,25.0,18,Finance,Bachelors,Male,,99.0,65.71,12,80349,Yes
391,32.0,15,Sales,Bachelors,Male,3.0,58.0,83.19,11,74005,No
392,36.0,7,IT,PhD,Male,3.0,86.0,71.3,7,51969,No
393,46.0,0,Sales,PhD,Female,2.0,,71.16,9,22201,No
394,,15,Marketing,Bachelors,Female,,63.0,76.2,5,66349,No
395,41.0,8,Finance,Bachelors,Male,3.0,,99.95,10,54759,No
396,59.0,12,HR,Bachelors,Male,1.0,43.0,62.2,11,62321,No
397,,10,Marketing,Masters,Female,4.0,54.0,83.14,3,62972,No
398,53.0,12,Finance,Masters,Male,4.0,64.0,63.3,6,59583,Yes
399,50.0,9,Sales,Masters,Female,1.0,83.0,66.18,5,47377,No
400,57.0,3,Marketing,Bachelors,Male,,94.0,77.58,12,32028,No
401,43.0,5,Finance,PhD,Male,3.0,74.0,80.42,4,43694,No
402,,6,IT,Bachelors,Female,5.0,94.0,70.35,12,49196,Yes
403,25.0,4,IT,Masters,Male,3.0,53.0,72.66,2,40083,No
404,56.0,10,HR,Masters,Male,1.0,88.0,63.48,7,50401,No
405,54.0,12,Finance,,Male,4.0,58.0,72.13,13,62185,No
406,51.0,18,IT,Bachelors,Female,,77.0,98.66,5,80285,No
407,30.0,9,Sales,Masters,Male,,75.0,97.79,4,61354,Yes
408,39.0,9,Finance,Masters,Male,3.0,46.0,73.4,12,54772,No
409,52.0,10,Sales,Masters,Male,2.0,69.0,82.83,14,57490,No
410,21.0,6,Sales,Bachelors,Male,3.0,58.0,96.38,8,42347,No
411,25.0,17,IT,Masters,Male,1.0,88.0,60.25,9,68788,No
412,24.0,3,Finance,Masters,Male,4.0,64.0,92.43,9,36945,No
413,36.0,1,Marketing,PhD,Female,4.0,55.0,97.93,3,28889,No
414,44.0,13,IT,Bachelors,Female,1.0,,63.65,3,65569,No
415,36.0,12,IT,PhD,Male,2.0,93.0,66.46,5,60273,No
416,22.0,11,Finance,PhD,Female,1.0,79.0,98.43,5,53272,No
417,48.0,6,Finance,Masters,Female,3.0,,81.5,10,48069,No
418,52.0,1,Sales,Bachelors,Male,1.0,47.0,60.57,2,25234,No
419,47.0,12,Finance,,Female,1.0,57.0,70.31,1,62769,No
420,40.0,13,Sales,Bachelors,Female,2.0,67.0,78.0,8,64902,No
421,44.0,16,IT,PhD,Female,3.0,,87.72,3,76612,No
422,32.0,8,HR,Bachelors,Female,5.0,91.0,89.33,1,51492,Yes
423,55.0,16,Marketing,Masters,Female,5.0,58.0,99.82,1,79745,No
424,,7,IT,Masters,Female,,81.0,71.5,11,53574,Yes
425,53.0,1,Finance,Masters,Female,1.0,,81.53,2,24240,No
426,,12,Marketing,,Female,4.0,,81.33,6,61322,Yes
427,32.0,2,HR,PhD,Male,2.0,52.0,76.23,6,30298,No
428,23.0,15,HR,PhD,Male,5.0,,66.77,14,71861,No
429,21.0,5,Sales,Bachelors,Female,1.0,66.0,99.1,3,38620,No
430,53.0,18,Marketing,Masters,Female,2.0,49.0,94.13,12,77047,No
431,,6,Sales,,Male,2.0,73.0,79.93,4,44581,No
432,,9,IT,Masters,Female,1.0,75.0,84.13,12,51320,No
433,33.0,8,Marketing,Bachelors,Female,2.0,64.0,69.09,13,44098,No
434,,1,IT,Masters,Male,1.0,45.0,81.75,2,25247,No
435,51.0,14,Sales,PhD,Male,,63.0,87.8,2,60734,No
436,22.0,4,Marketing,PhD,Male,3.0,,80.61,7,37663,No
437,55.0,3,Sales,Masters,Female,4.0,62.0,99.61,13,37909,No
438,43.0,19,Marketing,Bachelors,Female,2.0,45.0,84.45,1,79416,No
439,37.0,3,Sales,Masters,Male,,68.0,74.84,7,34302,No
440,46.0,17,HR,Bachelors,Male,3.0,64.0,90.89,14,79593,No
441,28.0,3,Sales,Masters,Female,3.0,94.0,66.82,12,30680,No
442,,16,HR,PhD,Male,3.0,56.0,75.38,14,77163,No
443,46.0,11,Sales,Bachelors,Female,,85.0,73.88,12,60070,Yes
444,30.0,16,Marketing,Bachelors,Female,5.0,63.0,77.27,14,79668,Yes
445,46.0,9,Marketing,Bachelors,Male,5.0,50.0,91.27,1,60001,No
446,54.0,0,Marketing,PhD,Male,1.0,,79.37,14,26921,No
447,27.0,17,Finance,Masters,Female,2.0,90.0,91.76,6,72191,No
448,24.0,17,IT,PhD,Male,4.0,73.0,83.06,3,82859,Yes
449,31.0,13,Marketing,Bachelors,Male,1.0,67.0,73.68,8,65804,No
450,49.0,14,HR,Masters,Male,2.0,42.0,92.4,6,68586,No
451,56.0,11,Marketing,,Male,2.0,50.0,69.53,11,60872,No
452,45.0,3,Finance,Bachelors,Female,3.0,77.0,68.98,2,39164,No
453,41.0,2,HR,Bachelors,Female,3.0,53.0,80.18,8,29846,No
454,,19,Finance,PhD,Female,1.0,90.0,70.43,5,76463,No
455,30.0,11,HR,PhD,Female,3.0,65.0,60.36,8,60837,No
456,57.0,6,Sales,PhD,Male,2.0,87.0,85.93,8,41922,No
457,29.0,10,IT,Bachelors,Male,3.0,60.0,80.44,6,55392,No
458,44.0,0,IT,PhD,Female,5.0,93.0,77.82,2,28183,No
459,55.0,5,Finance,Bachelors,Female,3.0,95.0,98.68,8,39167,No
460,55.0,14,IT,PhD,Male,2.0,78.0,82.85,11,63997,No
461,56.0,14,Finance,Bachelors,Female,1.0,69.0,94.54,6,65521,No
462,38.0,18,Finance,Bachelors,Female,4.0,98.0,65.58,6,80227,Yes
463,59.0,10,Finance,Masters,Male,3.0,47.0,82.77,8,57564,No
464,52.0,1,IT,PhD,Female,2.0,90.0,94.72,1,31920,No
465,44.0,13,Finance,PhD,Male,4.0,,83.32,2,64024,No
466,43.0,1,IT,Bachelors,Male,4.0,87.0,88.72,12,26329,No
467,52.0,3,Finance,Bachelors,Female,5.0,71.0,74.88,12,36486,No
468,57.0,16,Marketing,Bachelors,Male,4.0,61.0,63.7,9,72155,Yes
469,32.0,2,Finance,,Female,2.0,98.0,78.32,11,29477,No
470,33.0,12,HR,Masters,Male,2.0,46.0,75.78,12,57185,No
471,43.0,8,Finance,Bachelors,Female,3.0,,94.68,8,52086,No
472,45.0,6,Sales,PhD,Female,3.0,,69.76,12,41317,No
473,55.0,14,Finance,PhD,Female,3.0,40.0,98.67,7,66621,No
474,50.0,10,HR,Masters,Male,4.0,68.0,98.33,7,57491,Yes
475,37.0,19,HR,Masters,Male,4.0,47.0,69.91,5,82511,No
476,40.0,1,IT,Bachelors,Female,5.0,95.0,73.92,2,35842,No
477,45.0,14,Marketing,PhD,Male,3.0,,95.82,11,71641,No
478,42.0,13,Finance,Bachelors,Female,1.0,43.0,98.66,6,65546,No
479,33.0,19,IT,Masters,Female,5.0,74.0,77.74,10,89848,Yes
480,39.0,10,Marketing,PhD,Male,1.0,98.0,72.84,3,52404,No
481,56.0,2,Finance,PhD,Female,4.0,42.0,81.04,4,34393,No
482,32.0,16,Sales,Masters,Male,5.0,93.0,87.51,13,74293,Yes
483,39.0,11,Finance,Bachelors,Female,5.0,84.0,70.94,10,60465,Yes
484,32.0,14,HR,,Male,2.0,79.0,89.46,12,64175,No
485,29.0,15,HR,PhD,Female,4.0,46.0,62.07,11,75849,No
486,27.0,4,Sales,Masters,Female,4.0,66.0,61.97,2,44425,Yes
487,48.0,19,IT,PhD,Male,5.0,40.0,75.45,14,91629,No
488,34.0,5,Marketing,Masters,Female,4.0,66.0,74.14,2,46444,Yes
489,51.0,18,Finance,Bachelors,Female,5.0,55.0,72.63,12,87210,No
490,39.0,4,HR,Masters,Male,2.0,77.0,79.64,8,33759,No
491,36.0,2,IT,Bachelors,Female,5.0,46.0,72.83,8,36255,No
492,25.0,0,Sales,Masters,Male,4.0,83.0,67.69,10,31414,No
493,55.0,5,HR,PhD,Female,4.0,62.0,72.38,6,38002,Yes
494,32.0,14,Sales,Bachelors,Male,5.0,80.0,99.0,13,75130,Yes
495,45.0,1,Finance,PhD,Female,5.0,98.0,76.44,5,29259,No
496,41.0,2,Marketing,PhD,Female,5.0,50.0,77.79,8,39190,No
497,56.0,16,HR,Bachelors,Female,3.0,81.0,83.06,4,73323,No
498,43.0,11,HR,Bachelors,Male,4.0,92.0,99.33,11,61773,Yes
499,36.0,17,Finance,PhD,Male,4.0,72.0,69.66,4,76568,Yes
500,59.0,14,IT,PhD,Male,3.0,89.0,87.25,5,64885,No
501,59.0,11,Marketing,PhD,Male,5.0,75.0,88.64,1,65060,Yes
502,34.0,15,HR,PhD,Female,2.0,76.0,84.29,1,71844,No
503,51.0,7,Marketing,Bachelors,Female,5.0,80.0,63.54,2,52111,Yes
504,25.0,13,HR,Bachelors,Male,5.0,,87.07,14,73491,Yes
505,,16,Marketing,PhD,Male,3.0,56.0,62.56,8,71338,No
506,43.0,7,Sales,Masters,Male,4.0,74.0,83.85,7,53268,Yes
507,,14,HR,Masters,Female,5.0,87.0,89.58,10,70758,Yes
508,31.0,13,Marketing,Bachelors,Male,4.0,44.0,68.44,9,66810,No
509,38.0,17,IT,PhD,Male,1.0,87.0,93.66,5,77139,No
510,32.0,19,Sales,PhD,Female,4.0,71.0,61.21,2,86791,Yes
511,29.0,6,Sales,Bachelors,Female,2.0,42.0,93.75,7,44171,No
512,30.0,2,IT,Masters,Male,2.0,91.0,78.41,8,27731,No
513,37.0,11,Marketing,Masters,Female,,86.0,68.7,12,58869,Yes
514,,2,Finance,Masters,Male,4.0,74.0,65.35,7,34166,No
515,,19,IT,Bachelors,Female,5.0,91.0,98.13,14,82093,Yes
516,33.0,13,Marketing,Masters,Male,3.0,53.0,62.91,7,62987,No
517,29.0,14,IT,Bachelors,Male,2.0,87.0,67.96,12,70967,No
518,47.0,13,IT,,Male,5.0,70.0,73.91,14,72627,Yes
519,,6,HR,,Male,3.0,,84.81,5,43947,No
520,,16,Marketing,Masters,Female,5.0,56.0,81.79,2,79651,No
521,49.0,11,Finance,Bachelors,Female,4.0,99.0,65.03,6,62979,Yes
522,,19,HR,Masters,Female,4.0,63.0,71.59,4,86794,Yes
523,58.0,3,IT,Masters,Female,4.0,91.0,69.55,10,38524,No
524,39.0,8,IT,PhD,Male,4.0,62.0,68.54,2,50144,Yes
525,28.0,5,IT,Masters,Male,1.0,57.0,76.45,12,35587,No
526,21.0,15,Marketing,PhD,Female,3.0,89.0,88.16,9,66076,No
527,42.0,1,Marketing,Bachelors,Female,3.0,93.0,68.7,7,33007,No
528,37.0,7,HR,Masters,Female,4.0,53.0,74.67,6,52959,No
529,27.0,10,Finance,Bachelors,Female,1.0,89.0,75.64,12,53553,No
530,45.0,12,HR,Masters,Female,4.0,54.0,99.06,5,67297,No
531,24.0,16,Sales,Bachelors,Male,1.0,54.0,98.19,3,71694,No
532,56.0,7,IT,Masters,Male,,45.0,92.01,12,46873,No
533,26.0,17,IT,Masters,Male,,66.0,69.67,10,73346,No
534,,17,IT,Masters,Female,2.0,54.0,62.72,10,77024,No
535,39.0,13,HR,Masters,Female,5.0,89.0,72.68,4,67148,Yes
536,,14,HR,Masters,Female,4.0,75.0,70.67,3,74657,Yes
537,,5,IT,Masters,Female,3.0,94.0,80.24,12,36244,No
538,30.0,10,HR,Masters,Male,5.0,47.0,91.11,11,57625,No
539,46.0,12,Marketing,Masters,Male,2.0,54.0,94.33,8,58849,No
540,39.0,0,Marketing,Masters,Female,4.0,42.0,93.79,3,32597,No
541,59.0,5,HR,Bachelors,Male,5.0,86.0,74.39,7,49173,Yes
542,23.0,8,IT,,Male,4.0,52.0,87.49,7,54737,No
543,33.0,7,HR,Masters,Female,2.0,80.0,72.51,7,48333,No
544,48.0,10,HR,PhD,Female,5.0,73.0,62.44,13,55892,Yes
545,40.0,18,HR,Masters,Female,2.0,63.0,88.06,7,78487,No
546,48.0,8,Sales,Masters,Female,1.0,79.0,60.39,14,48251,No
547,28.0,16,Marketing,Bachelors,Female,2.0,71.0,76.37,2,74310,No
548,59.0,11,Finance,Bachelors,Female,4.0,71.0,73.18,10,58399,Yes
549,21.0,13,Finance,PhD,Male,3.0,69.0,87.74,3,64640,No
550,23.0,14,Sales,,Male,,,90.65,10,63960,No
551,33.0,15,HR,Bachelors,Female,3.0,88.0,72.16,9,73325,No
552,48.0,19,Sales,PhD,Male,1.0,52.0,92.47,3,75469,No
553,45.0,0,Sales,Bachelors,Female,5.0,40.0,71.76,2,28374,No
554,53.0,9,IT,Masters,Female,5.0,73.0,77.85,9,60847,Yes
555,58.0,7,Marketing,PhD,Female,3.0,54.0,89.08,13,50234,No
556,26.0,17,Finance,PhD,Female,5.0,83.0,87.72,10,83923,Yes
557,52.0,0,HR,,Male,2.0,53.0,99.49,9,24122,No
558,41.0,1,Finance,Bachelors,Female,3.0,96.0,69.01,4,33852,No
559,,0,Finance,PhD,Male,4.0,68.0,86.49,14,28387,No
560,41.0,0,Marketing,PhD,Female,2.0,73.0,84.39,12,26631,No
561,31.0,8,Finance,,Female,2.0,57.0,96.6,9,50226,No
562,57.0,12,Finance,Masters,Female,2.0,93.0,66.25,3,60108,No
563,56.0,0,Sales,Bachelors,Male,4.0,46.0,90.07,7,25224,No
564,55.0,12,Marketing,,Female,1.0,68.0,82.73,7,55110,No
565,39.0,19,IT,Bachelors,Female,5.0,94.0,70.99,11,82957,Yes
566,40.0,6,HR,Bachelors,Female,3.0,70.0,78.98,8,46146,No
567,38.0,1,Finance,Masters,Male,1.0,64.0,73.35,10,20560,No
568,34.0,5,HR,PhD,Male,3.0,77.0,83.17,4,45522,No
569,35.0,6,IT,PhD,Male,5.0,53.0,95.56,3,50413,No
570,51.0,13,HR,PhD,Female,4.0,47.0,82.77,3,63312,No
571,21.0,17,IT,Masters,Male,2.0,66.0,85.27,12,71821,No
572,23.0,14,Sales,,Female,2.0,93.0,80.75,5,66646,No
573,36.0,1,Finance,Masters,Male,4.0,41.0,62.05,11,30945,No
574,43.0,9,IT,Masters,Male,1.0,56.0,69.31,14,49374,No
575,31.0,11,HR,Masters,Female,1.0,76.0,79.68,1,52651,No
576,32.0,16,Finance,PhD,Male,3.0,53.0,72.41,10,78933,No
577,30.0,7,Sales,Bachelors,Female,4.0,64.0,67.27,3,48701,Yes
578,52.0,10,Finance,PhD,Female,1.0,95.0,80.17,14,49877,No
579,36.0,2,IT,,Male,4.0,69.0,72.91,6,34582,No
580,28.0,5,Sales,Masters,Female,5.0,68.0,70.32,3,45390,Yes
581,58.0,8,HR,Bachelors,Female,2.0,59.0,78.56,5,47083,No
582,32.0,5,Sales,PhD,Male,2.0,60.0,65.33,9,34745,No
583,44.0,8,Sales,PhD,Male,2.0,92.0,97.11,2,51749,No
584,48.0,6,Marketing,Bachelors,Female,4.0,61.0,94.71,11,41941,Yes
585,,8,Sales,Masters,Male,4.0,74.0,88.3,2,51023,Yes
586,48.0,17,Sales,Masters,Female,3.0,76.0,64.25,12,74296,No
587,56.0,11,Finance,,Female,2.0,55.0,91.04,6,52939,No
588,46.0,7,HR,Bachelors,Male,3.0,89.0,92.32,6,43610,No
589,28.0,7,Finance,Masters,Male,2.0,97.0,90.71,11,46300,No
590,,17,Finance,Masters,Male,3.0,88.0,64.56,11,73725,No
591,48.0,19,IT,PhD,Male,3.0,82.0,85.76,8,87176,No
592,57.0,14,Finance,Masters,Female,5.0,56.0,93.37,12,76779,No
593,56.0,6,Marketing,Bachelors,Female,3.0,55.0,83.09,13,48528,No
594,47.0,10,Marketing,PhD,Male,4.0,97.0,85.86,11,61853,Yes
595,37.0,19,IT,PhD,Male,3.0,,78.33,14,85187,No
596,29.0,15,HR,Bachelors,Female,2.0,41.0,81.15,2,64032,No
597,53.0,3,HR,PhD,Female,3.0,43.0,61.38,9,35985,No
598,,5,Finance,Masters,Female,1.0,60.0,85.56,2,35414,No
599,33.0,2,Finance,Masters,Female,2.0,78.0,63.26,13,26156,No
600,48.0,8,Finance,Bachelors,Male,1.0,73.0,77.4,1,44126,No
601,49.0,9,HR,Masters,Female,2.0,69.0,71.71,10,54252,No
602,,13,Sales,Bachelors,Female,4.0,45.0,81.82,2,63543,No
603,55.0,10,Marketing,Bachelors,Male,4.0,56.0,65.34,12,53271,No
604,26.0,17,Sales,Masters,Female,4.0,,87.67,7,79295,Yes
605,,11,Sales,Bachelors,Female,1.0,64.0,91.8,8,54076,No
606,25.0,11,HR,Masters,Male,5.0,44.0,66.53,5,63902,No
607,45.0,12,Sales,PhD,Male,,44.0,64.17,6,57709,No
608,22.0,12,IT,,Male,4.0,59.0,65.82,12,68346,No
609,30.0,18,Finance,Bachelors,Female,2.0,55.0,95.09,1,78221,No
610,50.0,18,IT,,Female,1.0,90.0,81.13,6,80937,No
611,,13,Marketing,Masters,Male,5.0,,78.69,12,72529,Yes
612,53.0,3,Finance,PhD,Male,1.0,76.0,64.27,8,32722,No
613,21.0,12,Sales,PhD,Female,2.0,79.0,85.98,13,63201,No
614,38.0,7,Marketing,Masters,Male,5.0,48.0,94.72,3,50144,No
615,52.0,18,Finance,Bachelors,Male,5.0,44.0,93.13,11,84606,No
616,31.0,11,Sales,PhD,Male,1.0,81.0,85.04,1,56766,No
617,41.0,17,IT,Bachelors,Female,4.0,96.0,63.01,11,74730,Yes
618,46.0,5,Finance,Bachelors,Female,2.0,41.0,64.5,4,38890,No
619,45.0,17,Sales,PhD,Female,3.0,48.0,61.97,1,73648,No
620,42.0,18,IT,Bachelors,Female,3.0,82.0,70.3,14,79228,No
621,47.0,4,Marketing,,Female,,75.0,65.43,8,31130,No
622,,8,Marketing,Masters,Female,2.0,61.0,70.4,5,47366,No
623,,2,Marketing,Bachelors,Male,2.0,61.0,75.4,1,26506,No
624,54.0,9,Marketing,,Female,1.0,61.0,97.72,14,46158,No
625,55.0,18,HR,PhD,Female,2.0,73.0,84.42,8,75916,No
626,21.0,2,Finance,PhD,Male,,94.0,93.4,9,32229,No
627,41.0,14,Finance,Masters,Female,1.0,,88.41,10,68858,No
628,26.0,0,HR,PhD,Female,4.0,77.0,64.5,2,29265,No
629,48.0,6,Sales,Bachelors,Male,2.0,98.0,89.44,9,41136,No
630,37.0,11,Sales,Bachelors,Male,1.0,85.0,71.0,8,52689,No
631,25.0,16,Marketing,Bachelors,Male,2.0,72.0,85.56,7,74190,No
632,51.0,19,IT,PhD,Female,1.0,57.0,73.64,3,76810,No
633,25.0,4,Sales,Bachelors,Male,2.0,46.0,99.91,2,37152,No
634,58.0,3,IT,PhD,Female,4.0,40.0,70.54,7,32012,No
635,23.0,11,Finance,Bachelors,Female,4.0,72.0,71.17,5,61938,Yes
636,,19,IT,Masters,Female,2.0,40.0,97.23,6,83999,No
637,57.0,17,Finance,PhD,Female,1.0,63.0,60.99,4,75219,No
638,57.0,16,HR,PhD,Male,3.0,43.0,87.87,2,74328,No
639,30.0,18,HR,Bachelors,Male,4.0,43.0,89.01,9,80621,No
640,30.0,8,Marketing,PhD,Female,4.0,57.0,93.46,3,50683,No
641,39.0,3,Sales,PhD,Male,3.0,66.0,98.98,12,37872,No
642,37.0,1,Marketing,Masters,Female,2.0,82.0,99.02,14,27310,No
643,41.0,3,Finance,Masters,Female,1.0,98.0,62.61,7,26652,No
644,34.0,1,Marketing,Bachelors,Female,2.0,71.0,92.87,14,27799,No
645,29.0,14,IT,Masters,Male,5.0,72.0,85.85,8,75812,Yes
646,21.0,1,Finance,Bachelors,Female,4.0,67.0,85.89,2,29790,No
647,33.0,3,HR,Bachelors,Female,5.0,81.0,65.13,14,35645,No
648,24.0,5,Sales,,Male,,80.0,86.01,6,42512,Yes
649,21.0,6,Finance,PhD,Male,4.0,94.0,99.3,11,45759,Yes
650,52.0,9,Finance,Masters,Male,5.0,75.0,96.47,8,57874,Yes
651,,18,IT,Bachelors,Male,5.0,99.0,77.57,7,82688,Yes
652,48.0,18,Sales,Masters,Female,,45.0,61.6,11,80689,No
653,51.0,11,HR,Bachelors,Male,5.0,55.0,74.49,3,59379,No
654,28.0,2,Finance,Masters,Female,,73.0,93.06,1,29243,No
655,59.0,12,Finance,Masters,Male,2.0,62.0,88.06,14,64580,No
656,46.0,17,IT,Bachelors,Male,,89.0,78.37,6,76507,No
657,54.0,7,Marketing,PhD,Male,4.0,81.0,62.2,8,51819,Yes
658,23.0,14,HR,Masters,Male,4.0,,77.08,6,73593,Yes
659,32.0,0,Sales,,Male,5.0,95.0,78.76,5,27653,No
660,,2,Finance,PhD,Male,4.0,88.0,97.14,11,34611,No
661,25.0,7,Finance,Bachelors,Female,5.0,52.0,85.64,12,52127,No
662,50.0,3,HR,Bachelors,Male,4.0,95.0,72.47,8,35923,No
663,50.0,15,Marketing,Bachelors,Male,1.0,57.0,81.01,2,70459,No
664,37.0,9,Finance,,Male,,93.0,62.64,12,49912,No
665,,11,HR,Bachelors,Male,5.0,52.0,98.9,1,63130,No
666,35.0,13,IT,Bachelors,Female,4.0,88.0,74.4,1,67439,Yes
667,57.0,13,Marketing,Masters,Male,4.0,76.0,79.11,14,69880,Yes
668,41.0,1,Sales,Masters,Male,2.0,82.0,74.21,4,28449,No
669,34.0,4,Finance,Bachelors,Male,3.0,78.0,87.3,6,34725,No
670,22.0,4,HR,Bachelors,Male,5.0,81.0,86.49,13,46304,Yes
671,31.0,5,IT,Bachelors,Female,3.0,56.0,88.61,9,43522,No
672,59.0,12,Sales,,Male,3.0,54.0,70.73,1,61784,No
673,58.0,8,HR,,Female,5.0,57.0,72.63,12,58472,No
674,54.0,14,HR,PhD,Male,4.0,62.0,65.01,1,66232,Yes
675,58.0,13,Sales,,Female,5.0,,86.22,13,72808,Yes
676,54.0,6,IT,PhD,Female,,,61.59,13,47338,No
677,38.0,19,IT,Masters,Male,,69.0,83.91,5,87446,Yes
678,50.0,1,Marketing,PhD,Male,,97.0,94.79,10,24616,No
679,,6,Finance,PhD,Female,5.0,73.0,95.63,5,47725,Yes
680,47.0,5,Sales,Bachelors,Female,5.0,97.0,77.96,5,43677,Yes
681,54.0,16,Sales,,Male,4.0,43.0,78.37,10,77287,No
682,58.0,1,Sales,,Female,1.0,42.0,63.08,6,28480,No
683,53.0,2,IT,PhD,Female,1.0,46.0,86.83,8,24409,No
684,,4,Finance,,Female,4.0,95.0,92.85,3,43205,Yes
685,35.0,4,Marketing,Masters,Male,,57.0,69.79,9,31256,No
686,50.0,0,HR,Bachelors,Female,5.0,81.0,76.85,13,26721,No
687,37.0,7,HR,Bachelors,Female,5.0,46.0,93.55,1,47423,No
688,25.0,11,Sales,Masters,Female,3.0,79.0,95.08,4,58953,No
689,49.0,3,Finance,PhD,Male,4.0,45.0,69.73,9,34990,No
690,24.0,12,IT,,Male,,61.0,82.02,14,58195,No
691,,14,Finance,PhD,Female,,97.0,67.7,8,67559,No
692,37.0,10,Finance,Masters,Male,,40.0,64.08,10,51365,No
693,30.0,9,IT,Bachelors,Female,5.0,43.0,96.44,9,53244,No
694,37.0,2,Sales,Bachelors,Male,3.0,85.0,92.82,1,33766,No
695,40.0,13,Finance,Bachelors,Male,1.0,88.0,90.4,9,61302,No
696,44.0,15,HR,PhD,Female,4.0,91.0,61.95,3,69306,Yes
697,,9,IT,PhD,Male,3.0,89.0,93.75,11,50402,No
698,54.0,9,Marketing,Masters,Male,5.0,82.0,77.52,12,52496,Yes
699,26.0,11,Sales,Masters,Male,3.0,,73.7,10,57399,No
700,22.0,8,IT,Bachelors,Female,4.0,60.0,81.86,9,47909,No
701,33.0,0,Marketing,PhD,Male,3.0,65.0,63.65,1,21372,No
702,31.0,4,Marketing,,Male,5.0,53.0,90.27,1,43236,No
703,43.0,19,Finance,PhD,Female,1.0,48.0,83.3,9,75344,No
704,36.0,7,Finance,PhD,Male,,98.0,67.46,11,54515,Yes
705,51.0,10,Finance,Bachelors,Male,,86.0,67.53,14,49431,No
706,31.0,11,IT,,Male,2.0,51.0,67.37,6,56670,No
707,,0,IT,,Male,5.0,81.0,62.28,4,27784,No
708,28.0,19,Sales,PhD,Male,5.0,90.0,83.51,7,91407,Yes
709,24.0,10,Finance,PhD,Female,4.0,95.0,93.61,5,54695,Yes
710,24.0,4,Marketing,,Female,3.0,90.0,60.7,10,34907,No
711,45.0,14,HR,Bachelors,Male,1.0,45.0,61.96,14,63814,No
712,23.0,4,Sales,Masters,Male,,59.0,82.91,7,29780,No
713,52.0,11,IT,Bachelors,Male,4.0,63.0,92.78,8,57019,Yes
714,23.0,4,Sales,Masters,Female,4.0,66.0,73.07,8,36403,Yes
715,47.0,16,Sales,PhD,Female,3.0,77.0,73.98,1,70426,No
716,49.0,16,Sales,Masters,Male,3.0,47.0,83.85,8,77855,No
717,52.0,11,Sales,Bachelors,Male,5.0,40.0,70.97,6,63868,No
718,39.0,14,HR,Bachelors,Female,2.0,93.0,61.06,4,61010,No
719,41.0,14,Finance,PhD,Male,3.0,88.0,89.41,13,69330,No
720,25.0,5,Marketing,Bachelors,Female,4.0,88.0,85.03,14,47230,Yes
721,38.0,11,Sales,PhD,Female,3.0,63.0,83.23,12,56825,No
722,,19,Sales,,Male,1.0,86.0,89.67,8,81464,No
723,42.0,17,Sales,,Female,,46.0,87.01,3,73003,No
724,41.0,13,Finance,PhD,Male,,58.0,68.24,13,73267,No
725,26.0,1,IT,Masters,Male,1.0,61.0,74.1,4,27195,No
726,,8,IT,Bachelors,Male,1.0,96.0,65.04,6,47720,No
727,25.0,4,HR,Masters,Male,,94.0,65.19,11,34088,No
728,32.0,19,IT,Bachelors,Male,5.0,99.0,87.05,7,83789,Yes
729,,0,Sales,Bachelors,Male,4.0,74.0,94.34,4,26036,No
730,54.0,2,Sales,Bachelors,Female,5.0,,98.51,4,38377,No
731,34.0,5,Sales,Bachelors,Female,3.0,68.0,85.13,7,43598,No
732,46.0,4,HR,Masters,Female,1.0,61.0,67.36,6,33838,No
733,47.0,4,Sales,Masters,Female,3.0,50.0,64.23,13,38872,No
734,29.0,0,IT,Bachelors,Male,4.0,,92.51,11,26653,No
735,46.0,16,Finance,Bachelors,Female,3.0,68.0,83.15,8,73299,No
736,,18,Finance,Masters,Female,5.0,,84.73,1,88268,Yes
737,50.0,13,Marketing,PhD,Female,3.0,80.0,91.26,10,60973,No
738,,11,IT,PhD,Male,4.0,81.0,88.13,13,63083,Yes
739,46.0,9,Sales,Masters,Female,4.0,73.0,93.38,11,55494,Yes
740,56.0,19,Finance,,Male,4.0,,62.25,7,89491,No
741,21.0,17,IT,Bachelors,Female,5.0,70.0,89.9,12,79406,Yes
742,28.0,10,Finance,PhD,Male,4.0,69.0,94.03,7,58150,Yes
743,55.0,1,Sales,PhD,Male,1.0,,71.45,11,29350,No
744,35.0,17,Finance,Masters,Female,4.0,57.0,85.62,7,77129,No
745,42.0,6,Marketing,PhD,Male,,94.0,72.57,7,39104,No
746,34.0,14,Marketing,Masters,Male,3.0,97.0,98.32,10,70433,No
747,46.0,10,Finance,PhD,Female,3.0,56.0,61.34,14,58689,No
748,48.0,17,IT,,Female,5.0,77.0,83.19,10,79567,Yes
749,43.0,11,IT,,Female,3.0,53.0,66.66,8,58348,No
750,34.0,5,IT,,Male,5.0,,88.49,9,44390,Yes
751,,19,Finance,Bachelors,Male,5.0,64.0,67.04,9,88811,Yes
752,22.0,12,IT,Bachelors,Male,4.0,54.0,69.42,2,60181,No
753,46.0,19,Sales,PhD,Female,1.0,,79.77,13,78644,No
754,34.0,15,Marketing,,Male,4.0,95.0,96.59,13,73873,Yes
755,27.0,17,Sales,Masters,Male,4.0,61.0,68.47,7,78394,Yes
756,23.0,9,IT,Masters,Male,5.0,42.0,65.77,7,55534,No
757,43.0,7,Sales,Masters,Male,5.0,,90.36,4,51844,Yes
758,38.0,17,IT,Bachelors,Male,3.0,94.0,80.02,9,77939,No
759,58.0,0,Finance,,Male,3.0,,96.47,8,27475,No
760,55.0,7,Sales,PhD,Male,4.0,96.0,65.86,12,45774,Yes
761,,5,Finance,PhD,Female,2.0,83.0,85.84,1,42283,No
762,,4,Finance,Masters,Female,2.0,73.0,69.32,2,31446,No
763,57.0,14,HR,Bachelors,Female,3.0,74.0,66.27,13,63108,No
764,48.0,14,IT,Masters,Male,2.0,89.0,87.34,13,64239,No
765,,1,Marketing,PhD,Male,3.0,40.0,83.75,2,29931,No
766,59.0,0,IT,PhD,Female,5.0,91.0,90.19,12,29053,No
767,37.0,10,Marketing,Masters,Male,4.0,60.0,72.38,12,57537,No
768,59.0,9,IT,PhD,Female,1.0,68.0,77.92,11,50361,No
769,,17,Finance,Masters,Male,4.0,,76.22,8,75245,No
770,46.0,17,Sales,Bachelors,Male,3.0,76.0,99.36,1,74720,No
771,45.0,16,Sales,Masters,Female,3.0,40.0,71.69,4,77469,No
772,37.0,7,HR,Bachelors,Female,,90.0,71.79,10,51741,Yes
773,33.0,14,Marketing,Bachelors,Female,3.0,,74.18,12,68105,No
774,40.0,7,Marketing,PhD,Female,2.0,66.0,82.58,5,42922,No
775,45.0,16,Marketing,PhD,Female,2.0,,70.09,9,69513,No
776,24.0,11,Finance,PhD,Male,3.0,92.0,96.61,7,63030,No
777,30.0,7,Marketing,,Male,3.0,55.0,70.63,8,44801,No
778,23.0,13,Sales,Masters,Male,2.0,83.0,95.83,14,64981,No
779,38.0,3,Finance,PhD,Female,3.0,,64.14,11,38221,No
780,56.0,0,IT,Masters,Female,3.0,93.0,86.26,9,27502,No
781,42.0,0,Marketing,PhD,Female,4.0,79.0,96.28,13,29038,No
782,54.0,18,Marketing,Masters,Female,1.0,65.0,66.75,7,77229,No
783,28.0,15,IT,Bachelors,Female,2.0,,98.73,5,73449,No
784,39.0,13,Marketing,Bachelors,Female,4.0,67.0,78.12,13,62364,Yes
785,57.0,15,IT,PhD,Male,1.0,40.0,97.83,5,63800,No
786,26.0,4,Finance,,Male,3.0,75.0,87.07,10,38958,No
787,46.0,8,Sales,Masters,Male,3.0,49.0,72.06,11,54096,No
788,54.0,1,IT,Bachelors,Male,4.0,82.0,67.53,6,33436,No
789,26.0,17,HR,Bachelors,Male,3.0,,72.15,5,76793,No
790,57.0,5,IT,,Female,5.0,96.0,63.72,13,48160,Yes
791,,8,Marketing,Bachelors,Female,,98.0,65.75,12,47179,Yes
792,42.0,0,Finance,PhD,Female,,62.0,64.19,11,20873,No
793,41.0,8,Finance,Bachelors,Female,4.0,46.0,76.92,9,50960,No
794,26.0,15,IT,Bachelors,Female,,83.0,91.82,3,65186,No
795,26.0,12,Sales,Masters,Female,4.0,92.0,65.66,3,59773,Yes
796,24.0,8,HR,Bachelors,Male,3.0,46.0,65.21,7,49460,No
797,50.0,12,Finance,Bachelors,Female,3.0,83.0,85.74,7,57352,No
798,31.0,8,Marketing,PhD,Female,5.0,54.0,67.89,6,55943,No
799,50.0,10,Marketing,Bachelors,Female,5.0,,63.9,3,60202,Yes
800,51.0,3,Sales,,Female,5.0,85.0,66.67,14,39344,No
801,44.0,1,Finance,Bachelors,Male,1.0,84.0,96.95,13,24507,No
802,29.0,5,IT,Bachelors,Male,5.0,43.0,92.86,7,44830,No
803,23.0,13,Marketing,PhD,Female,1.0,53.0,74.16,5,56117,No
804,51.0,3,Sales,Masters,Male,5.0,53.0,86.23,7,34481,No
805,57.0,5,Finance,PhD,Male,1.0,55.0,81.49,2,36287,No
806,56.0,18,Finance,PhD,Female,4.0,46.0,87.08,6,83802,No
807,,5,Finance,PhD,Female,4.0,71.0,87.31,14,46298,Yes
808,51.0,1,Finance,Masters,Female,3.0,58.0,85.15,8,28477,No
809,26.0,17,Finance,Bachelors,Female,1.0,41.0,70.64,1,74533,No
810,22.0,12,Marketing,PhD,Female,2.0,49.0,61.56,4,55243,No
811,40.0,8,Sales,PhD,Male,3.0,89.0,78.22,11,52012,No
812,48.0,18,Finance,,Female,4.0,56.0,95.64,1,77865,No
813,31.0,12,HR,PhD,Female,1.0,76.0,82.78,14,62753,No
814,24.0,10,HR,Bachelors,Female,5.0,51.0,93.3,1,60329,No
815,35.0,0,Sales,Masters,Male,2.0,45.0,99.66,10,19603,No
816,26.0,6,IT,Bachelors,Female,4.0,,66.54,12,46756,Yes
817,50.0,14,IT,Bachelors,Female,3.0,,87.67,14,67018,No
818,58.0,0,IT,Masters,Female,1.0,,86.97,14,22192,No
819,22.0,11,HR,PhD,Male,2.0,59.0,99.2,11,54015,No
820,35.0,6,IT,Bachelors,Female,1.0,40.0,99.42,8,44850,No
821,31.0,14,Marketing,Bachelors,Female,5.0,93.0,87.47,7,70380,Yes
822,28.0,18,Finance,Bachelors,Female,3.0,86.0,69.74,12,78770,No
823,46.0,0,HR,Bachelors,Male,1.0,,91.94,10,22829,No
824,25.0,16,Sales,Masters,Female,4.0,97.0,64.28,13,72613,Yes
825,26.0,16,Sales,Masters,Female,3.0,45.0,91.23,1,70879,No
826,46.0,2,Finance,Bachelors,Female,4.0,58.0,96.41,11,34372,No
827,24.0,11,HR,PhD,Male,1.0,57.0,75.31,14,54108,No
828,39.0,5,IT,Bachelors,Female,3.0,45.0,85.23,13,45291,No
829,40.0,10,IT,,Female,4.0,84.0,77.21,2,62266,Yes
830,53.0,2,Marketing,Bachelors,Female,,72.0,77.51,4,39978,No
831,40.0,7,Marketing,PhD,Male,5.0,62.0,72.41,1,46148,Yes
832,32.0,13,IT,Bachelors,Male,1.0,62.0,90.49,3,57754,No
833,21.0,13,Sales,PhD,Female,,65.0,97.45,8,67378,No
834,46.0,9,Sales,Bachelors,Male,2.0,52.0,97.63,8,52681,No
835,34.0,1,Marketing,Bachelors,Male,,46.0,66.99,8,27756,No
836,58.0,13,Finance,PhD,Male,5.0,54.0,94.99,6,73371,No
837,57.0,8,IT,Masters,Female,4.0,83.0,89.5,6,56116,Yes
838,31.0,2,Marketing,PhD,Female,2.0,66.0,70.11,5,30392,No
839,56.0,7,Marketing,Masters,Male,1.0,65.0,62.69,13,47795,No
840,33.0,15,IT,Bachelors,Male,2.0,72.0,70.72,9,67052,No
841,23.0,1,IT,PhD,Male,1.0,54.0,96.49,4,25692,No
842,53.0,5,Sales,PhD,Female,2.0,75.0,85.33,10,38218,No
843,26.0,11,Finance,PhD,Female,1.0,,88.84,12,54803,No
844,30.0,4,Finance,Masters,Male,1.0,94.0,70.29,12,31377,No
845,25.0,1,IT,Masters,Male,2.0,,88.78,12,27086,No
846,43.0,15,HR,Bachelors,Male,2.0,96.0,61.12,7,67182,No
847,30.0,4,Marketing,Masters,Male,1.0,44.0,75.01,1,32160,No
848,22.0,14,Marketing,,Female,5.0,41.0,85.07,9,73576,No
849,33.0,11,IT,,Male,2.0,94.0,65.84,7,60903,No
850,22.0,3,HR,PhD,Female,3.0,97.0,92.92,10,32586,No
851,40.0,14,Sales,PhD,Male,4.0,72.0,69.4,12,67648,Yes
852,21.0,10,IT,Bachelors,Male,1.0,55.0,86.09,9,54313,No
853,57.0,15,IT,PhD,Male,1.0,62.0,76.21,7,63717,No
854,29.0,5,Marketing,Masters,Male,4.0,77.0,83.84,2,43308,Yes
855,37.0,13,IT,Bachelors,Male,5.0,94.0,64.3,6,71407,Yes
856,29.0,17,IT,Bachelors,Female,4.0,55.0,60.68,10,74870,No
857,31.0,11,IT,Bachelors,Male,2.0,53.0,96.38,12,55574,No
858,35.0,10,Marketing,PhD,Male,4.0,68.0,70.79,11,58827,Yes
859,44.0,12,Sales,Bachelors,Male,1.0,65.0,92.79,4,60986,No
860,58.0,10,Sales,Bachelors,Female,4.0,74.0,99.97,3,61462,Yes
861,55.0,15,IT,Bachelors,Female,3.0,54.0,68.46,2,75735,No
862,50.0,14,Marketing,,Female,2.0,42.0,70.61,6,69741,No
863,51.0,14,Sales,Masters,Female,4.0,62.0,86.51,8,70769,Yes
864,25.0,3,Sales,Bachelors,Male,1.0,68.0,98.62,6,31733,No
865,,10,Sales,Masters,Male,2.0,73.0,96.63,9,58904,No
866,31.0,18,Marketing,PhD,Male,1.0,72.0,80.12,14,74240,No
867,29.0,14,Marketing,PhD,Female,5.0,,91.8,5,76554,Yes
868,54.0,3,IT,PhD,Male,3.0,,65.43,2,34893,No
869,32.0,12,Finance,PhD,Male,5.0,62.0,99.1,8,70476,Yes
870,,18,Sales,Masters,Female,3.0,46.0,98.57,9,75886,No
871,,1,Finance,Bachelors,Female,4.0,42.0,66.55,14,31854,No
872,,13,Marketing,PhD,Female,2.0,97.0,71.98,10,63318,No
873,42.0,3,Marketing,PhD,Male,4.0,71.0,64.01,4,34258,No
874,49.0,15,Marketing,Masters,Male,,70.0,70.87,6,70382,No
875,28.0,19,Finance,Masters,Female,3.0,57.0,92.64,11,79785,No
876,31.0,13,Marketing,PhD,Male,3.0,82.0,75.13,10,67727,No
877,57.0,14,IT,Bachelors,Female,1.0,46.0,63.54,8,59295,No
878,34.0,2,Marketing,Bachelors,Female,2.0,80.0,73.69,9,27597,No
879,50.0,7,HR,PhD,Male,4.0,40.0,99.26,12,44680,No
880,55.0,15,Finance,Masters,Female,4.0,53.0,85.19,5,72890,No
881,41.0,9,HR,PhD,Female,5.0,91.0,76.65,12,56298,Yes
882,57.0,3,Marketing,PhD,Female,3.0,71.0,66.66,6,30324,No
883,25.0,17,IT,Masters,Male,,45.0,99.45,11,79952,No
884,39.0,1,Sales,PhD,Female,3.0,78.0,92.83,4,24986,No
885,34.0,16,Marketing,PhD,Female,4.0,49.0,71.26,5,74118,No
886,46.0,12,IT,PhD,Female,5.0,46.0,62.8,7,61760,No
887,24.0,3,Finance,Masters,Female,1.0,65.0,62.27,9,33758,No
888,45.0,10,HR,Bachelors,Female,,73.0,64.82,10,58228,No
889,45.0,6,HR,Bachelors,Female,1.0,69.0,83.23,11,35906,No
890,38.0,11,HR,Masters,Female,4.0,75.0,97.15,13,61499,Yes
891,28.0,9,Finance,Bachelors,Male,3.0,60.0,79.87,6,48364,No
892,59.0,6,IT,PhD,Male,,99.0,93.72,14,44769,No
893,34.0,12,Finance,Bachelors,Female,4.0,,77.84,6,62413,No
894,52.0,6,HR,PhD,Male,4.0,72.0,88.34,8,49027,Yes
895,58.0,16,Marketing,Bachelors,Male,4.0,49.0,89.27,11,78939,No
896,53.0,9,Sales,Masters,Female,2.0,90.0,66.96,4,55261,No
897,43.0,9,Finance,Bachelors,Male,2.0,,74.45,3,49081,No
898,35.0,3,Finance,Bachelors,Female,5.0,81.0,85.49,14,39448,No
899,53.0,19,IT,Bachelors,Female,5.0,90.0,62.83,7,85258,Yes
900,45.0,3,IT,Masters,Female,1.0,51.0,74.46,5,28107,No
901,37.0,6,Finance,Bachelors,Female,2.0,95.0,81.39,2,44928,No
902,53.0,0,HR,Masters,Female,2.0,55.0,99.85,2,21933,No
903,22.0,11,Sales,PhD,Male,2.0,80.0,78.98,11,54829,No
904,34.0,12,IT,Bachelors,Female,5.0,71.0,92.64,6,69633,Yes
905,59.0,9,HR,Masters,Male,4.0,54.0,77.28,8,55006,No
906,26.0,14,Marketing,Masters,Female,3.0,66.0,91.86,1,64559,No
907,26.0,12,IT,Bachelors,Female,5.0,67.0,83.82,11,62741,Yes
908,23.0,8,HR,PhD,Female,2.0,56.0,95.46,6,48830,No
909,27.0,8,HR,Masters,Male,5.0,85.0,76.44,12,56523,Yes
910,28.0,14,Sales,Bachelors,Female,1.0,98.0,84.17,2,59625,No
911,35.0,9,Sales,PhD,Female,2.0,,85.2,2,47690,No
912,49.0,9,Marketing,Masters,Female,1.0,97.0,76.7,7,52282,No
913,53.0,7,HR,Masters,Female,2.0,41.0,65.77,10,46310,No
914,50.0,15,HR,PhD,Male,5.0,75.0,63.74,1,73006,Yes
915,59.0,16,Sales,PhD,Female,4.0,89.0,60.67,6,75302,Yes
916,47.0,4,IT,Bachelors,Male,3.0,46.0,94.94,14,34088,No
917,,3,IT,Bachelors,Female,1.0,52.0,69.46,7,32007,No
918,,17,Finance,Masters,Male,5.0,54.0,68.46,14,80611,No
919,58.0,18,Sales,PhD,Male,4.0,,89.44,8,86372,Yes
920,53.0,3,Finance,PhD,Female,5.0,,72.8,7,41928,No
921,57.0,6,Sales,PhD,Female,1.0,99.0,80.24,6,39490,No
922,47.0,9,Marketing,Masters,Male,3.0,61.0,66.5,9,56378,No
923,53.0,17,HR,PhD,Female,5.0,65.0,98.39,13,77597,Yes
924,24.0,18,Marketing,PhD,Female,2.0,72.0,94.06,3,76747,No
925,42.0,3,Sales,Masters,Female,4.0,50.0,94.55,11,34670,No
926,22.0,9,HR,Bachelors,Male,5.0,49.0,76.27,6,60431,No
927,,0,IT,Bachelors,Female,4.0,64.0,90.49,4,25580,No
928,25.0,17,IT,Masters,Female,2.0,76.0,65.76,2,77432,No
929,30.0,4,Finance,PhD,Female,3.0,87.0,60.34,1,41330,No
930,53.0,14,Sales,Masters,Male,3.0,82.0,60.8,12,65506,No
931,,16,Sales,Bachelors,Female,2.0,92.0,83.46,12,71725,No
932,33.0,2,IT,Bachelors,Male,4.0,77.0,78.22,14,33300,No
933,51.0,11,Marketing,Masters,Female,5.0,80.0,80.72,1,67941,Yes
934,56.0,1,HR,Masters,Male,2.0,84.0,60.3,11,30759,No
935,44.0,0,Marketing,Bachelors,Female,1.0,63.0,76.91,10,24002,No
936,35.0,16,Marketing,Masters,Female,4.0,,88.72,3,80073,Yes
937,49.0,15,IT,Bachelors,Male,3.0,85.0,77.71,4,72131,No
938,28.0,4,IT,Masters,Male,2.0,95.0,89.29,2,39831,No
939,25.0,14,IT,Masters,Male,3.0,72.0,69.32,13,67537,No
940,49.0,2,Finance,Masters,Female,4.0,,92.53,12,31335,No
941,24.0,6,Marketing,Bachelors,Female,3.0,63.0,83.54,11,43321,No
942,32.0,10,Sales,Masters,Female,2.0,76.0,68.43,11,51985,No
943,22.0,9,HR,Bachelors,Female,4.0,96.0,69.47,14,50559,Yes
944,47.0,8,Finance,Bachelors,Male,,41.0,85.12,11,41713,No
945,51.0,13,Sales,Masters,Female,,71.0,93.2,1,62593,No
946,56.0,12,Marketing,Masters,Female,5.0,96.0,76.63,4,64988,Yes
947,56.0,1,IT,Bachelors,Female,2.0,99.0,70.33,7,28203,No
948,46.0,2,Marketing,Bachelors,Female,4.0,63.0,94.68,10,29256,No
949,47.0,6,HR,PhD,Female,2.0,48.0,86.77,11,45768,No
950,25.0,17,Finance,Bachelors,Female,1.0,43.0,77.92,6,68037,No
951,,2,Finance,PhD,Female,1.0,56.0,79.52,6,31652,No
952,31.0,9,HR,PhD,Male,5.0,56.0,68.17,11,61632,No
953,30.0,6,Sales,PhD,Female,3.0,92.0,85.07,9,40832,No
954,58.0,8,Sales,Masters,Female,4.0,89.0,74.35,14,54600,Yes
955,26.0,16,Finance,Masters,Female,4.0,87.0,99.83,2,76167,Yes
956,28.0,10,Finance,Bachelors,Female,3.0,69.0,79.21,4,51432,No
957,43.0,6,IT,PhD,Male,1.0,79.0,79.44,5,39151,No
958,46.0,13,Sales,Masters,Male,1.0,97.0,82.63,1,62411,No
959,32.0,18,HR,Masters,Male,2.0,50.0,96.67,8,74751,No
960,46.0,3,Sales,Masters,Male,5.0,60.0,92.03,8,38997,No
961,,5,IT,Masters,Male,5.0,60.0,78.05,6,45720,No
962,38.0,9,Finance,,Male,5.0,57.0,88.75,12,59616,No
963,45.0,6,Finance,PhD,Female,2.0,94.0,83.45,5,37256,No
964,53.0,12,IT,PhD,Male,5.0,68.0,79.69,8,61671,Yes
965,,13,HR,PhD,Male,3.0,63.0,67.69,3,60489,No
966,56.0,3,Finance,PhD,Female,2.0,49.0,78.56,3,34889,No
967,24.0,7,Marketing,Bachelors,Male,3.0,84.0,69.83,2,44096,No
968,25.0,4,Finance,PhD,Female,2.0,56.0,96.59,5,32682,No
969,57.0,0,Marketing,,Female,5.0,57.0,73.42,3,27460,No
970,28.0,3,IT,PhD,Male,,81.0,98.09,3,34529,No
971,48.0,2,IT,Bachelors,Female,3.0,87.0,81.32,6,32121,No
972,51.0,8,Finance,Masters,Male,3.0,59.0,85.26,8,46975,No
973,29.0,7,Sales,PhD,Male,2.0,76.0,81.72,2,43216,No
974,49.0,0,Marketing,PhD,Female,4.0,84.0,65.18,4,32581,No
975,34.0,5,HR,PhD,Female,5.0,57.0,75.03,11,44515,No
976,42.0,8,Finance,Masters,Male,,56.0,63.97,7,50692,No
977,,6,HR,Masters,Female,4.0,48.0,84.92,1,50776,No
978,43.0,3,Finance,Bachelors,Female,5.0,53.0,77.87,1,38939,No
979,21.0,12,Sales,Masters,Male,5.0,88.0,91.12,12,66563,Yes
980,57.0,16,Sales,Masters,Male,3.0,68.0,68.82,13,71963,No
981,41.0,1,Sales,PhD,Female,3.0,,66.58,10,28529,No
982,46.0,4,Sales,,Male,,43.0,76.25,7,37786,No
983,56.0,11,IT,PhD,Male,4.0,57.0,97.06,14,62200,No
984,43.0,7,IT,PhD,Male,4.0,,88.42,7,44976,Yes
985,,5,Marketing,Masters,Male,3.0,59.0,76.76,1,43345,No
986,35.0,7,HR,Bachelors,Male,5.0,95.0,80.69,1,46045,Yes
987,41.0,17,Finance,Bachelors,Male,3.0,95.0,63.37,4,73193,No
988,29.0,2,Finance,Masters,Male,5.0,86.0,99.38,5,35512,No
989,29.0,11,IT,Bachelors,Female,,82.0,86.66,5,62943,Yes
990,30.0,2,Finance,PhD,Male,3.0,83.0,71.42,4,33282,No
991,46.0,5,IT,PhD,Female,1.0,48.0,83.43,8,32246,No
992,55.0,1,Marketing,Masters,Female,,52.0,64.38,7,29219,No
993,45.0,11,HR,Bachelors,Female,5.0,,98.63,9,66983,No
994,,1,Marketing,,Male,5.0,66.0,66.99,7,28636,No
995,31.0,5,Sales,PhD,Male,,54.0,85.92,10,35775,No
996,58.0,16,Sales,Masters,Female,2.0,67.0,69.82,1,69421,No
997,22.0,2,Sales,Bachelors,Male,1.0,,88.7,13,32280,No
998,27.0,1,Marketing,Masters,Female,1.0,94.0,91.07,14,24183,No
999,38.0,19,Finance,Bachelors,Male,5.0,58.0,86.94,7,82712,No
1000,47.0,7,HR,PhD,Male,4.0,65.0,84.58,1,49845,Yes
